<?xml version="1.0" encoding="UTF-8"?>
<project-private xmlns="http://www.netbeans.org/ns/project-private/1">
    <editor-bookmarks xmlns="http://www.netbeans.org/ns/editor-bookmarks/2" lastBookmarkId="0"/>
    <open-files xmlns="http://www.netbeans.org/ns/projectui-open-files/2">
        <group>
            <file>file:/C:/Users/Acer/Documents/mia%20XI%20PPLG%202/Projek%20mia11pplg2/perpus77/src/perpus77/kelolaAnggota.java</file>
            <file>file:/C:/Users/Acer/Documents/mia%20XI%20PPLG%202/Projek%20mia11pplg2/perpus77/src/perpus77/Perpus77.java</file>
            <file>file:/C:/Users/Acer/Documents/mia%20XI%20PPLG%202/Projek%20mia11pplg2/perpus77/src/perpus77/managemenBuku.java</file>
            <file>file:/C:/Users/Acer/Documents/mia%20XI%20PPLG%202/Projek%20mia11pplg2/perpus77/src/perpus77/Pencarian.java</file>
            <file>file:/C:/Users/Acer/Documents/mia%20XI%20PPLG%202/Projek%20mia11pplg2/perpus77/src/perpus77/coba.java</file>
            <file>file:/C:/Users/Acer/Documents/mia%20XI%20PPLG%202/Projek%20mia11pplg2/perpus77/src/perpus77/KelolaUser.java</file>
            <file>file:/C:/Users/Acer/Documents/mia%20XI%20PPLG%202/Projek%20mia11pplg2/perpus77/src/perpus77/katagoriBuku.java</file>
            <file>file:/C:/Users/Acer/Documents/mia%20XI%20PPLG%202/Projek%20mia11pplg2/perpus77/src/perpus77/peminjaman.java</file>
            <file>file:/C:/Users/Acer/Documents/mia%20XI%20PPLG%202/Projek%20mia11pplg2/perpus77/src/perpus77/GrafikPeminjaman.java</file>
        </group>
    </open-files>
</project-private>
